Var.Lab,Rot.Padrão,Novo Rótulo,Coluna temporária,Nome Banco,Tipo de Dado,2013,2014,2015,2016,2017
ANO,NU_ANO_CENSO,Ano do Censo,0,ano_censo,INT,ANO_CENSO,ANO_CENSO,NU_ANO_CENSO,NU_ANO_CENSO,NU_ANO_CENSO
CEBMA002N0,ID_MATRICULA,Código único da matrícula,0,id,INT,PK_COD_MATRICULA,PK_COD_MATRICULA,ID_MATRICULA,ID_MATRICULA,ID_MATRICULA
CEBMA003N0,CO_PESSOA_FISICA,Código do aluno (ID_INEP),0,cod_aluno,BIGINT,FK_COD_ALUNO,FK_COD_ALUNO,CO_PESSOA_FISICA,CO_PESSOA_FISICA,CO_PESSOA_FISICA
CEBMA004N0,NU_DIA,Data de nascimento do aluno - dia,0,nasc_dia,TINYINT,NU_DIA,NU_DIA,NU_DIA,NU_DIA,NU_DIA
CEBMA005N0,NU_MES,Data de nascimento do aluno - mês,0,nasc_mes,TINYINT,NU_MES,NU_MES,NU_MES,NU_MES,NU_MES
CEBMA006N0,NU_ANO,Data de nascimento do aluno - ano,0,nasc_ano,SMALLINT,NU_ANO,NU_ANO,NU_ANO,NU_ANO,NU_ANO
CEBMA007N0,NU_IDADE_REFERENCIA,Idade do aluno no mês de referência do Censo Escolar (31 de maio),0,idade_referencia,TINYINT,NUM_IDADE_REFERENCIA,NUM_IDADE_REFERENCIA,NU_IDADE_REFERENCIA,NU_IDADE_REFERENCIA,NU_IDADE_REFERENCIA
CEBMA008N0,NU_IDADE,Idade calculada pelo ano de nascimento do aluno,0,idade,TINYINT,NUM_IDADE,NUM_IDADE,NU_IDADE,NU_IDADE,NU_IDADE
CEBMA010N0,NU_DUR_ATIV_COMP_MESMA_REDE,Tempo de permanência (em minutos) na turma de Atividade Complementar na mesma rede da turma de escolarização,0,tempo_mesma_rede,INT,NU_DUR_ATIV_COMP_MESMA_REDE,NU_DUR_ATIV_COMP_MESMA_REDE,NU_DUR_ATIV_COMP_MESMA_REDE,NU_DUR_ATIV_COMP_MESMA_REDE,NU_DUR_ATIV_COMP_MESMA_REDE
CEBMA011N0,NU_DUR_ATIV_COMP_OUTRAS_REDES,Tempo de permanência (em minutos) na turma de Atividade Complementar em outras redes,0,tempo_outras_redes,INT,NU_DUR_ATIV_COMP_OUTRAS_REDES,NU_DUR_ATIV_COMP_OUTRAS_REDES,NU_DUR_ATIV_COMP_OUTRAS_REDES,NU_DUR_ATIV_COMP_OUTRAS_REDES,NU_DUR_ATIV_COMP_OUTRAS_REDES
CEBMA012N0,NU_DUR_AEE_MESMA_REDE,Tempo de permanência (em minutos) na turma de Atendimento Educacional Especializado (AEE) na mesma rede da turma de escolarização,0,tempo_aee_mesma_rede,INT,,NUM_DUR_AEE_MESMA_REDE,NU_DUR_AEE_MESMA_REDE,NU_DUR_AEE_MESMA_REDE,NU_DUR_AEE_MESMA_REDE
CEBMA013N0,NU_DUR_AEE_OUTRAS_REDES,Tempo de permanência (em minutos) na turma de Atendimento Educacional Especializado (AEE) em outras redes,0,tempo_aee_outras_redes,INT,,NUM_DUR_AEE_OUTRAS_REDES,NU_DUR_AEE_OUTRAS_REDES,NU_DUR_AEE_OUTRAS_REDES,NU_DUR_AEE_OUTRAS_REDES
CEBMA014N0,TP_SEXO,Sexo,0,sexo,TINYINT,"~CASE WHEN ""TP_SEXO""='m' OR ""TP_SEXO""='M' THEN 1 when ""TP_SEXO""='f' OR ""TP_SEXO""='F' THEN 2 END",TP_SEXO,TP_SEXO,TP_SEXO,TP_SEXO
CEBMA015N0,TP_COR_RACA,Cor/raça,0,cor_raca_id,TINYINT,TP_COR_RACA,TP_COR_RACA,TP_COR_RACA,TP_COR_RACA,TP_COR_RACA
CEBMA016N0,TP_NACIONALIDADE,Nacionalidade,0,nacionalidade,TINYINT,TP_NACIONALIDADE,TP_NACIONALIDADE,TP_NACIONALIDADE,TP_NACIONALIDADE,TP_NACIONALIDADE
CEBMA017N0,CO_PAIS_ORIGEM,Código do país de origem,0,cod_pais_origem,INT,FK_COD_PAIS_ORIGEM,FK_COD_PAIS_ORIGEM,CO_PAIS_ORIGEM,CO_PAIS_ORIGEM,CO_PAIS_ORIGEM
CEBMA018N0,CO_UF_NASC,Código da UF de nascimento,0,cod_estado_nasc,TINYINT,FK_COD_ESTADO_NASC,FK_COD_ESTADO_NASC,CO_UF_NASC,CO_UF_NASC,CO_UF_NASC
CEBMA019N0,SGL_UF_NASCIMENTO,Sigla da UF de nascimento,0,,,SGL_UF_NASCIMENTO,,,,
CEBMA020N0,CO_MUNICIPIO_NASC,Código do município de nascimento,0,cod_municipio_nasc,INT,FK_COD_MUNICIPIO_DNASC,FK_COD_MUNICIPIO_DNASC,CO_MUNICIPIO_NASC,CO_MUNICIPIO_NASC,CO_MUNICIPIO_NASC
CEBMA021N0,CO_UF_END,Código da UF de residência,0,cod_estado_atual,TINYINT,FK_COD_ESTADO_END,FK_COD_ESTADO_END,CO_UF_END,CO_UF_END,CO_UF_END
CEBMA022N0,SIGLA_END,Sigla UF de residência,0,,,SIGLA_END,,,,
CEBMA023N0,CO_MUNICIPIO_END,Código do município de residência,0,cod_municipio_atual,INT,FK_COD_MUNICIPIO_END,FK_COD_MUNICIPIO_END,CO_MUNICIPIO_END,CO_MUNICIPIO_END,CO_MUNICIPIO_END
CEBMA024N0,TP_ZONA_RESIDENCIAL,Localização/Zona de residência,0,zona_residencial,TINYINT,ID_ZONA_RESIDENCIAL,ID_ZONA_RESIDENCIAL,TP_ZONA_RESIDENCIAL,TP_ZONA_RESIDENCIAL,TP_ZONA_RESIDENCIAL
CEBMA025N0,TP_OUTRO_LOCAL_AULA,,0,aula_outro_local,TINYINT,ID_TIPO_ATENDIMENTO,ID_TIPO_ATENDIMENTO,TP_OUTRO_LOCAL_AULA,TP_OUTRO_LOCAL_AULA,TP_OUTRO_LOCAL_AULA
CEBMA026N0,IN_TRANSPORTE_PUBLICO,Transporte escolar público,0,transporte_escolar_publico,BOOLEAN,ID_N_T_E_P,ID_N_T_E_P,IN_TRANSPORTE_PUBLICO,IN_TRANSPORTE_PUBLICO,IN_TRANSPORTE_PUBLICO
CEBMA027N0,TP_RESPONSAVEL_TRANSPORTE,Poder público responsável pelo transporte escolar,0,responsavel_transp,TINYINT,ID_RESPONSAVEL_TRANSPORTE,ID_RESPONSAVEL_TRANSPORTE,TP_RESPONSAVEL_TRANSPORTE,TP_RESPONSAVEL_TRANSPORTE,TP_RESPONSAVEL_TRANSPORTE
CEBMA028N0,IN_TRANSP_VANS_KOMBI,Tipo de veículo utilizado no transporte escolar - Rodoviário (Vans/VW Kombi),0,transporte_vans_kombi,BOOLEAN,ID_TRANSP_VANS_KOMBI,ID_TRANSP_VANS_KOMBI,IN_TRANSP_VANS_KOMBI,IN_TRANSP_VANS_KOMBI,IN_TRANSP_VANS_KOMBI
CEBMA029N0,IN_TRANSP_MICRO_ONIBUS,Tipo de veículo utilizado no transporte escolar - Rodoviário (Micro-ônibus),0,transporte_micro_onibus,BOOLEAN,ID_TRANSP_MICRO_ONIBUS,ID_TRANSP_MICRO_ONIBUS,IN_TRANSP_MICRO_ONIBUS,IN_TRANSP_MICRO_ONIBUS,IN_TRANSP_MICRO_ONIBUS
CEBMA030N0,IN_TRANSP_ONIBUS,Tipo de veículo utilizado no transporte escolar - Rodoviário (Ônibus),0,transporte_onibus,BOOLEAN,ID_TRANSP_ONIBUS,ID_TRANSP_ONIBUS,IN_TRANSP_ONIBUS,IN_TRANSP_ONIBUS,IN_TRANSP_ONIBUS
CEBMA031N0,IN_TRANSP_BICICLETA,Tipo de veículo utilizado no transporte escolar - Rodoviário (Bicicleta),0,transporte_bicicleta,BOOLEAN,ID_TRANSP_BICICLETA,ID_TRANSP_BICICLETA,IN_TRANSP_BICICLETA,IN_TRANSP_BICICLETA,IN_TRANSP_BICICLETA
CEBMA032N0,IN_TRANSP_TR_ANIMAL,Tipo de veículo utilizado no transporte escolar - Rodoviário (Tração Animal),0,transporte_animal,BOOLEAN,ID_TRANSP_TR_ANIMAL,ID_TRANSP_TR_ANIMAL,IN_TRANSP_TR_ANIMAL,IN_TRANSP_TR_ANIMAL,IN_TRANSP_TR_ANIMAL
CEBMA033N0,IN_TRANSP_OUTRO_VEICULO,Tipo de veículo utilizado no transporte escolar - Rodoviário (Outro tipo de veículo rodoviário),0,transporte_outro,BOOLEAN,ID_TRANSP_OUTRO_VEICULO,ID_TRANSP_OUTRO_VEICULO,IN_TRANSP_OUTRO_VEICULO,IN_TRANSP_OUTRO_VEICULO,IN_TRANSP_OUTRO_VEICULO
CEBMA034N0,IN_TRANSP_EMBAR_ATE5,Tipo de veículo utilizado no transporte escolar Aquaviário/Embarcação (Capacidade de até 5 alunos),0,transporte_embar_0_5,BOOLEAN,ID_TRANSP_EMBAR_ATE5,ID_TRANSP_EMBAR_ATE5,IN_TRANSP_EMBAR_ATE5,IN_TRANSP_EMBAR_ATE5,IN_TRANSP_EMBAR_ATE5
CEBMA035N0,IN_TRANSP_EMBAR_5A15,Tipo de veículo utilizado no transporte escolar Aquaviário/Embarcação (Capacidade de 5 a 15 alunos),0,transporte_embar_5_15,BOOLEAN,ID_TRANSP_EMBAR_5A15,ID_TRANSP_EMBAR_5A15,IN_TRANSP_EMBAR_5A15,IN_TRANSP_EMBAR_5A15,IN_TRANSP_EMBAR_5A15
CEBMA036N0,IN_TRANSP_EMBAR_15A35,Tipo de veículo utilizado no transporte escolar Aquaviário/Embarcação (Capacidade de 15 a 35 alunos),0,transporte_embar_15_35,BOOLEAN,ID_TRANSP_EMBAR_15A35,ID_TRANSP_EMBAR_15A35,IN_TRANSP_EMBAR_15A35,IN_TRANSP_EMBAR_15A35,IN_TRANSP_EMBAR_15A35
CEBMA037N0,IN_TRANSP_EMBAR_35,Tipo de veículo utilizado no transporte escolar Aquaviário/Embarcação (Capacidade acima de 35 alunos),0,transporte_embar_35,BOOLEAN,ID_TRANSP_EMBAR_35,ID_TRANSP_EMBAR_35,IN_TRANSP_EMBAR_35,IN_TRANSP_EMBAR_35,IN_TRANSP_EMBAR_35
CEBMA038N0,IN_TRANSP_TREM_METRO,Tipo de veículo utilizado no transporte escolar Ferroviário (Trem/Metrô),0,transporte_trem_metro,BOOLEAN,ID_TRANSP_TREM_METRO,ID_TRANSP_TREM_METRO,IN_TRANSP_TREM_METRO,IN_TRANSP_TREM_METRO,IN_TRANSP_TREM_METRO
CEBMA039N0,IN_NECESSIDADE_ESPECIAL,"Aluno com deficiência, transtorno global do desenvolvimento ou altas habilidades/ superdotação",0,possui_necessidade_especial,BOOLEAN,ID_POSSUI_NEC_ESPECIAL,ID_POSSUI_NEC_ESPECIAL,IN_NECESSIDADE_ESPECIAL,IN_NECESSIDADE_ESPECIAL,IN_NECESSIDADE_ESPECIAL
CEBMA040N0,IN_CEGUEIRA,"Tipo de deficiência, transtorno global do desenvolvimento ou altas habilidades/ superdotação (cegueira)",0,cegueira,BOOLEAN,ID_TIPO_NEC_ESP_CEGUEIRA,ID_TIPO_NEC_ESP_CEGUEIRA,IN_CEGUEIRA,IN_CEGUEIRA,IN_CEGUEIRA
CEBMA041N0,IN_BAIXA_VISAO,"Tipo de deficiência, transtorno global do desenvolvimento ou altas habilidades/ superdotação (baixa visão)",0,baixa_visao,BOOLEAN,ID_TIPO_NEC_ESP_BAIXA_VISAO,ID_TIPO_NEC_ESP_BAIXA_VISAO,IN_BAIXA_VISAO,IN_BAIXA_VISAO,IN_BAIXA_VISAO
CEBMA042N0,IN_SURDEZ,"Tipo de deficiência, transtorno global do desenvolvimento ou altas habilidades/ superdotação (surdez)",0,surdez,BOOLEAN,ID_TIPO_NEC_ESP_SURDEZ,ID_TIPO_NEC_ESP_SURDEZ,IN_SURDEZ,IN_SURDEZ,IN_SURDEZ
CEBMA043N0,IN_DEF_AUDITIVA,"Tipo de deficiência, transtorno global do desenvolvimento ou altas habilidades/ superdotação (deficiência auditiva)",0,deficiencia_auditiva,BOOLEAN,ID_TIPO_NEC_ESP_DEF_AUDITIVA,ID_TIPO_NEC_ESP_DEF_AUDITIVA,IN_DEF_AUDITIVA,IN_DEF_AUDITIVA,IN_DEF_AUDITIVA
CEBMA044N0,IN_SURDOCEGUEIRA,"Tipo de deficiência, transtorno global do desenvolvimento ou altas habilidades/ superdotação (surdocegueira)",0,surdo_cegueira,BOOLEAN,ID_TIPO_NEC_ESP_SURDO_CEGUEIRA,ID_TIPO_NEC_ESP_SURDO_CEGUEIRA,IN_SURDOCEGUEIRA,IN_SURDOCEGUEIRA,IN_SURDOCEGUEIRA
CEBMA045N0,IN_DEF_FISICA,"Tipo de deficiência, transtorno global do desenvolvimento ou altas habilidades/ superdotação (deficiência física)",0,deficiencia_fisica,BOOLEAN,ID_TIPO_NEC_ESP_DEF_FISICA,ID_TIPO_NEC_ESP_DEF_FISICA,IN_DEF_FISICA,IN_DEF_FISICA,IN_DEF_FISICA
CEBMA046N0,IN_DEF_INTELECTUAL,"Tipo de deficiência, transtorno global do desenvolvimento ou altas habilidades/ superdotação (deficiência intelectual)",0,deficiencia_intelectual,BOOLEAN,ID_TIPO_NEC_ESP_DEF_MENTAL,ID_TIPO_NEC_ESP_DEF_MENTAL,IN_DEF_INTELECTUAL,IN_DEF_INTELECTUAL,IN_DEF_INTELECTUAL
CEBMA049N0,IN_DEF_MULTIPLA,"Tipo de deficiência, transtorno global do desenvolvimento ou altas habilidades/ superdotação (deficiência múltipla)",0,deficiencia_multiplas,BOOLEAN,ID_TIPO_NEC_ESP_DEF_MULTIPLAS,ID_TIPO_NEC_ESP_DEF_MULTIPLAS,IN_DEF_MULTIPLA,IN_DEF_MULTIPLA,IN_DEF_MULTIPLA
CEBMA050N0,IN_AUTISMO,"Tipo de deficiência, transtorno global do desenvolvimento ou altas habilidades/ superdotação (Autismo infantil)",0,autismo,BOOLEAN,ID_TIPO_NEC_ESP_AUTISMO,ID_TIPO_NEC_ESP_AUTISMO,IN_AUTISMO,IN_AUTISMO,IN_AUTISMO
CEBMA051N0,IN_SINDROME_ASPERGER,"Tipo de deficiência, transtorno global do desenvolvimento ou altas habilidades/ superdotação (Síndrome de Asperger)",0,sindrome_asperger,BOOLEAN,ID_TIPO_NEC_ESP_ASPERGER,ID_TIPO_NEC_ESP_ASPERGER,IN_SINDROME_ASPERGER,IN_SINDROME_ASPERGER,IN_SINDROME_ASPERGER
CEBMA052N0,IN_SINDROME_RETT,"Tipo de deficiência, transtorno global do desenvolvimento ou altas habilidades/ superdotação (Síndrome de Rett)",0,sindrome_rett,BOOLEAN,ID_TIPO_NEC_ESP_RETT,ID_TIPO_NEC_ESP_RETT,IN_SINDROME_RETT,IN_SINDROME_RETT,IN_SINDROME_RETT
CEBMA053N0,IN_TRANSTORNO_DI,"Tipo de deficiência, transtorno global do desenvolvimento ou altas habilidades/ superdotação (Transtorno Desintegrativo da Infância)",0,transtorno_desintegrativo_da_infancia,BOOLEAN,ID_TIPO_NEC_ESP_TDI,ID_TIPO_NEC_ESP_TDI,IN_TRANSTORNO_DI,IN_TRANSTORNO_DI,IN_TRANSTORNO_DI
CEBMA054N0,IN_SUPERDOTACAO,"Tipo de deficiência, transtorno global do desenvolvimento ou altas habilidades/ superdotação (altas habilidades/ superdotação)",0,superdotado,BOOLEAN,ID_TIPO_NEC_ESP_SUPERDOTACAO,ID_TIPO_NEC_ESP_SUPERDOTACAO,IN_SUPERDOTACAO,IN_SUPERDOTACAO,IN_SUPERDOTACAO
CEBMA056N0,IN_RECURSO_LEDOR,"Recursos necessários para a participação do aluno em avaliações do Inep (Prova Brasil, Saeb, outros) - Auxílio Ledor",0,rec_esp_auxilio_ledor,BOOLEAN,ID_TIPO_REC_ESP_LEDOR,ID_TIPO_REC_ESP_LEDOR,IN_RECURSO_LEDOR,IN_RECURSO_LEDOR,IN_RECURSO_LEDOR
CEBMA057N0,IN_RECURSO_TRANSCRICAO,"Recursos necessários para a participação do aluno em avaliações do Inep (Prova Brasil, Saeb, outros) - Auxílio-Transcrição",0,rec_esp_auxilio_transcricao,BOOLEAN,ID_TIPO_REC_ESP_TRANSCRICAO,ID_TIPO_REC_ESP_TRANSCRICAO,IN_RECURSO_TRANSCRICAO,IN_RECURSO_TRANSCRICAO,IN_RECURSO_TRANSCRICAO
CEBMA058N0,IN_RECURSO_INTERPRETE,"Recursos necessários para a participação do aluno em avaliações do Inep (Prova Brasil, Saeb, outros) - Guia-Intérprete",0,rec_esp_interprete,BOOLEAN,ID_TIPO_REC_ESP_INTERPRETE,ID_TIPO_REC_ESP_INTERPRETE,IN_RECURSO_INTERPRETE,IN_RECURSO_INTERPRETE,IN_RECURSO_INTERPRETE
CEBMA059N0,IN_RECURSO_LIBRAS,"Recursos necessários para a participação do aluno em avaliações do Inep (Prova Brasil, Saeb, outros) - Intérprete de Libras",0,rec_esp_libras,BOOLEAN,ID_TIPO_REC_ESP_LIBRAS,ID_TIPO_REC_ESP_LIBRAS,IN_RECURSO_LIBRAS,IN_RECURSO_LIBRAS,IN_RECURSO_LIBRAS
CEBMA060N0,IN_RECURSO_LABIAL,"Recursos necessários para a participação do aluno em avaliações do Inep (Prova Brasil, Saeb, outros) - Leitura Labial",0,rec_esp_leitura_labial,BOOLEAN,ID_TIPO_REC_ESP_LABIAL,ID_TIPO_REC_ESP_LABIAL,IN_RECURSO_LABIAL,IN_RECURSO_LABIAL,IN_RECURSO_LABIAL
CEBMA061N0,IN_RECURSO_BRAILLE,"Recursos necessários para a participação do aluno em avaliações do Inep (Prova Brasil, Saeb, outros) - Prova em Braille",0,rec_esp_prova_braille,BOOLEAN,ID_TIPO_REC_ESP_BRAILLE,ID_TIPO_REC_ESP_BRAILLE,IN_RECURSO_BRAILLE,IN_RECURSO_BRAILLE,IN_RECURSO_BRAILLE
CEBMA062N0,IN_RECURSO_AMPLIADA_16,"Recursos necessários para a participação do aluno em avaliações do Inep (Prova Brasil, Saeb, outros) - Prova Ampliada (Fonte tamanho 16)",0,rec_esp_prova_fonte_16,BOOLEAN,ID_TIPO_REC_ESP_AMPLIADA_16,ID_TIPO_REC_ESP_AMPLIADA_16,IN_RECURSO_AMPLIADA_16,IN_RECURSO_AMPLIADA_16,IN_RECURSO_AMPLIADA_16
CEBMA063N0,IN_RECURSO_AMPLIADA_20,"Recursos necessários para a participação do aluno em avaliações do Inep (Prova Brasil, Saeb, outros) - Prova Ampliada (Fonte tamanho 20)",0,rec_esp_prova_fonte_20,BOOLEAN,ID_TIPO_REC_ESP_AMPLIADA_20,ID_TIPO_REC_ESP_AMPLIADA_20,IN_RECURSO_AMPLIADA_20,IN_RECURSO_AMPLIADA_20,IN_RECURSO_AMPLIADA_20
CEBMA064N0,IN_RECURSO_AMPLIADA_24,"Recursos necessários para a participação do aluno em avaliações do Inep (Prova Brasil, Saeb, outros) - Prova Ampliada (Fonte tamanho 24)",0,rec_esp_prova_fonte_24,BOOLEAN,ID_TIPO_REC_ESP_AMPLIADA_24,ID_TIPO_REC_ESP_AMPLIADA_24,IN_RECURSO_AMPLIADA_24,IN_RECURSO_AMPLIADA_24,IN_RECURSO_AMPLIADA_24
CEBMA065N0,IN_RECURSO_NENHUM,"Recursos necessários para a participação do aluno em avaliações do Inep (Prova Brasil, Saeb, outros) - Nenhum",0,rec_esp_nenhum,BOOLEAN,ID_TIPO_REC_ESP_NENHUM,ID_TIPO_REC_ESP_NENHUM,IN_RECURSO_NENHUM,IN_RECURSO_NENHUM,IN_RECURSO_NENHUM
CEBMA066N0,TP_INGRESSO_FEDERAIS,Forma de ingresso do aluno (apenas alunos de escolas federais),0,forma_ingresso,TINYINT,ID_INGRESSO_FEDERAIS,ID_INGRESSO_FEDERAIS,TP_INGRESSO_FEDERAIS,TP_INGRESSO_FEDERAIS,TP_INGRESSO_FEDERAIS
CEBMA067N0,FK_COD_MOD_ENSINO,Modalidade de ensino da matrícula,0,modalidade_ensino,TINYINT,FK_COD_MOD_ENSINO,FK_COD_MOD_ENSINO,,,
CEBTU009N0,TP_ETAPA_ENSINO,Etapa de ensino da matrícula,0,etapa_ensino_id,TINYINT,FK_COD_ETAPA_ENSINO,FK_COD_ETAPA_ENSINO,TP_ETAPA_ENSINO,TP_ETAPA_ENSINO,TP_ETAPA_ENSINO
CEBMA069N0,TP_ETAPA_AGREGADA,Etapa de ensino agregada,0,etapa_agregada,TINYINT,,ID_ETAPA_AGREGADA_MAT,TP_ETAPA_AGREGADA,,
CEBTU002N0,ID_TURMA,Código único da turma,0,turma_id,INT,PK_COD_TURMA,PK_COD_TURMA,ID_TURMA,ID_TURMA,ID_TURMA
CEBTU010N0,CO_CURSO_EDUC_PROFISSIONAL,Curso da Educação Profissional Técnica,0,curso_prof,INT,FK_COD_CURSO_PROF,FK_COD_CURSO_PROF,CO_CURSO_EDUC_PROFISSIONAL,CO_CURSO_EDUC_PROFISSIONAL,CO_CURSO_EDUC_PROFISSIONAL
CEBMA070N0,TP_UNIFICADA,"Unificada, multietapa, multi ou correção de fluxo",0,cod_unificada,TINYINT,COD_UNIFICADA,COD_UNIFICADA,TP_UNIFICADA,TP_UNIFICADA,TP_UNIFICADA
CEBTU011N0,TP_TIPO_TURMA,Tipo de atendimento,0,tipo,INT,FK_COD_TIPO_TURMA,FK_COD_TIPO_TURMA,TP_TIPO_TURMA,TP_TIPO_TURMA,TP_TIPO_TURMA
CEBES002N0,CO_ENTIDADE,Código da escola,0,escola_id,INT,PK_COD_ENTIDADE,PK_COD_ENTIDADE,CO_ENTIDADE,CO_ENTIDADE,CO_ENTIDADE
COD_UF,CO_UF,Código da UF,0,estado_id,INT,FK_COD_ESTADO_ESCOLA,FK_COD_ESTADO_ESCOLA,CO_UF,CO_UF,CO_UF
COD_MUN,CO_MUNICIPIO,Código do município,0,municipio_id,INT,COD_MUNICIPIO_ESCOLA,COD_MUNICIPIO_ESCOLA,CO_MUNICIPIO,CO_MUNICIPIO,CO_MUNICIPIO
COD_DISTRITO,CO_DISTRITO,Código completo do distrito da escola,0,cod_distrito,INT,FK_CODIGO_DISTRITO,FK_CODIGO_DISTRITO,CO_DISTRITO,CO_DISTRITO,CO_DISTRITO
CEBES014N0,TP_LOCALIZACAO,Área da Localidade,0,localizacao_id,TINYINT,ID_LOCALIZACAO_ESC,ID_LOCALIZACAO_ESC,TP_LOCALIZACAO,TP_LOCALIZACAO,TP_LOCALIZACAO
CEBES013N0,TP_DEPENDENCIA,Dependência Administrativa,0,dependencia_adm_id,TINYINT,ID_DEPENDENCIA_ADM_ESC,ID_DEPENDENCIA_ADM_ESC,TP_DEPENDENCIA,TP_DEPENDENCIA,TP_DEPENDENCIA
CEBES015N0,TP_CATEGORIA_ESCOLA_PRIVADA,Categoria da escola privada,0,desc_categoria_escola_privada,TINYINT,DESC_CATA_ESCOLA_PRIV,DESC_CATA_ESCOLA_PRIV,TP_CATEGORIA_ESCOLA_PRIVADA,TP_CATEGORIA_ESCOLA_PRIVADA,TP_CATEGORIA_ESCOLA_PRIVADA
CEBES016N0,IN_CONVENIADA_PP,Conveniada com o poder público,0,conveniada_pp,BOOLEAN,ID_CONVENIADA_PP_ESC,ID_CONVENIADA_PP_ESC,IN_CONVENIADA_PP,IN_CONVENIADA_PP,IN_CONVENIADA_PP
CEBES017N0,TP_CONVENIO_PODER_PUBLICO,Dependência do convênio com o poder público,0,tipo_convenio_pp,TINYINT,"~CASE WHEN ""ID_TIPO_CONVENIO_PODER_PUBLICO""=1 THEN 2 WHEN ""ID_TIPO_CONVENIO_PODER_PUBLICO""=2 THEN 1 WHEN ""ID_TIPO_CONVENIO_PODER_PUBLICO""=3 THEN 3 END","~CASE WHEN ""ID_TIPO_CONVENIO_PODER_PUBLICO""=1 THEN 2 WHEN ""ID_TIPO_CONVENIO_PODER_PUBLICO""=2 THEN 1 WHEN ""ID_TIPO_CONVENIO_PODER_PUBLICO""=3 THEN 3 END",TP_CONVENIO_PODER_PUBLICO,TP_CONVENIO_PODER_PUBLICO,TP_CONVENIO_PODER_PUBLICO
CEBES018N0,IN_MANT_ESCOLA_PRIVADA_EMP,"Mantenedora da escola privada - Empresa, grupo empresarial do setor privado ou pessoa física",0,mant_escola_privada_emp,BOOLEAN,ID_MANT_ESCOLA_PRIVADA_EMP,ID_MANT_ESCOLA_PRIVADA_EMP,IN_MANT_ESCOLA_PRIVADA_EMP,IN_MANT_ESCOLA_PRIVADA_EMP,IN_MANT_ESCOLA_PRIVADA_EMP
CEBES019N0,IN_MANT_ESCOLA_PRIVADA_ONG,Mantenedora da escola privada - Organização Não Governamental (ONG) - internacional ou nacional. Organização da Sociedade Civil de Interesse Público (Oscip),0,mant_escola_privada_ong,BOOLEAN,ID_MANT_ESCOLA_PRIVADA_ONG,ID_MANT_ESCOLA_PRIVADA_ONG,IN_MANT_ESCOLA_PRIVADA_ONG,IN_MANT_ESCOLA_PRIVADA_ONG,IN_MANT_ESCOLA_PRIVADA_ONG
CEBES020N0,IN_MANT_ESCOLA_PRIVADA_SIND,"Mantenedora da escola privada - Sindicatos de trabalhadores ou patronais, associações e cooperativas",0,mant_escola_privada_sind,BOOLEAN,ID_MANT_ESCOLA_PRIVADA_SIND,ID_MANT_ESCOLA_PRIVADA_SIND,IN_MANT_ESCOLA_PRIVADA_SIND,IN_MANT_ESCOLA_PRIVADA_SIND,IN_MANT_ESCOLA_PRIVADA_SIND
CEBES022N0,IN_MANT_ESCOLA_PRIVADA_SIST_S,"Mantenedora da escola privada - Sistema S (Sesi, Senai, Sesc, outros)",0,mant_escola_privada_sist_s,BOOLEAN,ID_MANT_ESCOLA_PRIVADA_SIST_S,ID_MANT_ESCOLA_PRIVADA_SIST_S,IN_MANT_ESCOLA_PRIVADA_SIST_S,IN_MANT_ESCOLA_PRIVADA_SIST_S,IN_MANT_ESCOLA_PRIVADA_SIST_S
CEBES023N0,IN_MANT_ESCOLA_PRIVADA_S_FINS,Mantenedora da escola privada - Instituições sem fins lucrativos,0,mant_escola_privada_s_fins,BOOLEAN,ID_MANT_ESCOLA_PRIVADA_S_FINS,ID_MANT_ESCOLA_PRIVADA_S_FINS,IN_MANT_ESCOLA_PRIVADA_S_FINS,IN_MANT_ESCOLA_PRIVADA_S_FINS,IN_MANT_ESCOLA_PRIVADA_S_FINS
CEBES026N0,TP_REGULAMENTACAO,"Regulamentação/Autorização no Conselho ou Órgão Municipal, Estadual ou Federal de Educação",0,documento_regulamentacao,TINYINT,ID_DOCUMENTO_REGULAMENTACAO,ID_DOCUMENTO_REGULAMENTACAO,TP_REGULAMENTACAO,TP_REGULAMENTACAO,TP_REGULAMENTACAO
CEBES139N0,TP_LOCALIZACAO_DIFERENCIADA,Localização diferenciada da escola,0,localizacao_diferenciada,TINYINT,ID_LOCALIZACAO_DIFERENCIADA,ID_LOCALIZACAO_DIFERENCIADA,TP_LOCALIZACAO_DIFERENCIADA,TP_LOCALIZACAO_DIFERENCIADA,TP_LOCALIZACAO_DIFERENCIADA
CEBES142N0,IN_EDUCACAO_INDIGENA,Educação Indígena,0,educacao_indigena,BOOLEAN,ID_EDUCACAO_INDIGENA,ID_EDUCACAO_INDIGENA,IN_EDUCACAO_INDIGENA,IN_EDUCACAO_INDIGENA,IN_EDUCACAO_INDIGENA
COD_MESO,CO_MESORREGIAO,Código da mesorregião,0,cod_mesorregiao,INT,,,CO_MESORREGIAO,CO_MESORREGIAO,CO_MESORREGIAO
COD_MICRO,CO_MICRORREGIAO,Código da microrregião,0,cod_microregiao,INT,,,CO_MICRORREGIAO,CO_MICRORREGIAO,CO_MICRORREGIAO
CEBTU087N0,TP_MEDIACAO_DIDATICO_PEDAGO,Tipo de mediação didático-pedagógica,0,tipo_med_didatico_pedag,TINYINT,,,TP_MEDIACAO_DIDATICO_PEDAGO,TP_MEDIACAO_DIDATICO_PEDAGO,TP_MEDIACAO_DIDATICO_PEDAGO
CEBES163P1,IN_ESPECIAL_EXCLUSIVA,"Turma exclusiva de alunos com deficiência, transtorno global do desenvolvimento ou altas habilidades/ superdotação (Classes Especiais)",0,exclusiva_especial,BOOLEAN,"~CASE WHEN ""FK_COD_MOD_ENSINO""=1 THEN 0 WHEN ""FK_COD_MOD_ENSINO""=2 THEN 1 WHEN ""FK_COD_MOD_ENSINO""=3 THEN 0 END","~CASE WHEN ""FK_COD_MOD_ENSINO""=1 THEN 0 WHEN ""FK_COD_MOD_ENSINO""=2 THEN 1 WHEN ""FK_COD_MOD_ENSINO""=3 THEN 0 END",IN_ESPECIAL_EXCLUSIVA,IN_ESPECIAL_EXCLUSIVA,IN_ESPECIAL_EXCLUSIVA
CEBES157P1,IN_REGULAR,Ensino Regular,0,ensino_regular,BOOLEAN,"~CASE WHEN ""FK_COD_ETAPA_ENSINO"" IS NULL THEN NULL WHEN (CASE WHEN (""FK_COD_ETAPA_ENSINO"">1 AND ""FK_COD_ETAPA_ENSINO""<38) OR ""FK_COD_ETAPA_ENSINO""=41 OR ""FK_COD_ETAPA_ENSINO""=56 THEN 1 ELSE 0 END)=TRUE AND (""FK_COD_MOD_ENSINO""=1 OR ""FK_COD_MOD_ENSINO""=2) THEN 1 ELSE 0 END","~CASE WHEN ""FK_COD_ETAPA_ENSINO"" IS NULL THEN NULL WHEN (CASE WHEN (""FK_COD_ETAPA_ENSINO"">1 AND ""FK_COD_ETAPA_ENSINO""<38) OR ""FK_COD_ETAPA_ENSINO""=41 OR ""FK_COD_ETAPA_ENSINO""=56 THEN 1 ELSE 0 END)=TRUE AND (""FK_COD_MOD_ENSINO""=1 OR ""FK_COD_MOD_ENSINO""=2) THEN 1 ELSE 0 END",IN_REGULAR,IN_REGULAR,IN_REGULAR
CEBES166P1,IN_EJA,Educação de Jovens e Adultos,0,eja,BOOLEAN,"~CASE WHEN ( CASE WHEN (""FK_COD_ETAPA_ENSINO"" >= 43 AND ""FK_COD_ETAPA_ENSINO"" <= 55) OR (""FK_COD_ETAPA_ENSINO"" >= 57 AND ""FK_COD_ETAPA_ENSINO"" <= 63) OR ""FK_COD_ETAPA_ENSINO""=65 OR ""FK_COD_ETAPA_ENSINO""=67 OR (""FK_COD_ETAPA_ENSINO"" >= 69 AND ""FK_COD_ETAPA_ENSINO"" <= 74) THEN 1 ELSE 0 END ) AND (""FK_COD_MOD_ENSINO"" = 2 OR ""FK_COD_MOD_ENSINO""=3) THEN 1 ELSE 0 END","~CASE WHEN ( CASE WHEN (""FK_COD_ETAPA_ENSINO"" >= 43 AND ""FK_COD_ETAPA_ENSINO"" <= 55) OR (""FK_COD_ETAPA_ENSINO"" >= 57 AND ""FK_COD_ETAPA_ENSINO"" <= 63) OR ""FK_COD_ETAPA_ENSINO""=65 OR ""FK_COD_ETAPA_ENSINO""=67 OR (""FK_COD_ETAPA_ENSINO"" >= 69 AND ""FK_COD_ETAPA_ENSINO"" <= 74) THEN 1 ELSE 0 END ) AND (""FK_COD_MOD_ENSINO"" = 2 OR ""FK_COD_MOD_ENSINO""=3) THEN 1 ELSE 0 END",IN_EJA,IN_EJA,IN_EJA
CEBES170P1,IN_PROFISSIONALIZANTE,Educação Profissional,0,profissionalizante,BOOLEAN,"~CASE WHEN (""FK_COD_MOD_ENSINO""=1 OR ""FK_COD_MOD_ENSINO""=2 OR ""FK_COD_MOD_ENSINO""=3) THEN CASE WHEN null THEN null WHEN (""FK_COD_ETAPA_ENSINO"">=30 AND ""FK_COD_ETAPA_ENSINO""<=40) OR (""FK_COD_ETAPA_ENSINO"">=59 AND ""FK_COD_ETAPA_ENSINO""<=65) OR (""FK_COD_ETAPA_ENSINO"">=67 AND ""FK_COD_ETAPA_ENSINO""<=68) OR (""FK_COD_ETAPA_ENSINO"">=73 AND ""FK_COD_ETAPA_ENSINO""<=74) OR ""FK_COD_ETAPA_ENSINO""=57  THEN 1 ELSE 0 END END","~CASE WHEN (""FK_COD_MOD_ENSINO""=1 OR ""FK_COD_MOD_ENSINO""=2 OR ""FK_COD_MOD_ENSINO""=3) THEN CASE WHEN null THEN null WHEN (""FK_COD_ETAPA_ENSINO"">=30 AND ""FK_COD_ETAPA_ENSINO""<=40) OR (""FK_COD_ETAPA_ENSINO"">=59 AND ""FK_COD_ETAPA_ENSINO""<=65) OR (""FK_COD_ETAPA_ENSINO"">=67 AND ""FK_COD_ETAPA_ENSINO""<=68) OR (""FK_COD_ETAPA_ENSINO"">=73 AND ""FK_COD_ETAPA_ENSINO""<=74) OR ""FK_COD_ETAPA_ENSINO""=57  THEN 1 ELSE 0 END END",IN_PROFISSIONALIZANTE,IN_PROFISSIONALIZANTE,IN_PROFISSIONALIZANTE
CEBTU006N0,NU_DURACAO_TURMA,Tempo de permanência na turma da matrícula do aluno - Minutos,0,duracao,INT,NU_DUR_ESCOLARIZACAO,NU_DUR_ESCOLARIZACAO,NU_DURACAO_TURMA,NU_DURACAO_TURMA,NU_DURACAO_TURMA
CEBTU092N0,NU_DIAS_ATIVIDADE,Número de dias por semana em que são realizadas as atividades da turma,0,dias_atividade,INT,,,NU_DIAS_ATIVIDADE,NU_DIAS_ATIVIDADE,NU_DIAS_ATIVIDADE
CEBES013T1,,Dependência Administrativa com detalhamento das escolas privadas,0,dependencia_adm_priv,TINYINT,"~CASE WHEN (""ID_DEPENDENCIA_ADM_ESC"" = 1) THEN 1 WHEN (""ID_DEPENDENCIA_ADM_ESC"" = 2) THEN 2 WHEN (""ID_DEPENDENCIA_ADM_ESC"" = 3) THEN 3 WHEN (""ID_DEPENDENCIA_ADM_ESC"" = 4 AND ""ID_CONVENIADA_PP_ESC"" = 1) THEN 4 WHEN (""ID_DEPENDENCIA_ADM_ESC"" = 4 AND ""ID_CONVENIADA_PP_ESC"" = 0 AND (""DESC_CATA_ESCOLA_PRIV"" = 2 OR ""DESC_CATA_ESCOLA_PRIV"" = 3 OR ""DESC_CATA_ESCOLA_PRIV"" = 4)) THEN 5 WHEN (""ID_DEPENDENCIA_ADM_ESC"" = 4 AND ""ID_CONVENIADA_PP_ESC"" = 0 AND ""DESC_CATA_ESCOLA_PRIV"" = 1) THEN 6 END","~CASE WHEN (""ID_DEPENDENCIA_ADM_ESC"" = 1) THEN 1 WHEN (""ID_DEPENDENCIA_ADM_ESC"" = 2) THEN 2 WHEN (""ID_DEPENDENCIA_ADM_ESC"" = 3) THEN 3 WHEN (""ID_DEPENDENCIA_ADM_ESC"" = 4 AND ""ID_CONVENIADA_PP_ESC"" = 1) THEN 4 WHEN (""ID_DEPENDENCIA_ADM_ESC"" = 4 AND ""ID_CONVENIADA_PP_ESC"" = 0 AND (""DESC_CATA_ESCOLA_PRIV"" = 2 OR ""DESC_CATA_ESCOLA_PRIV"" = 3 OR ""DESC_CATA_ESCOLA_PRIV"" = 4)) THEN 5 WHEN (""ID_DEPENDENCIA_ADM_ESC"" = 4 AND ""ID_CONVENIADA_PP_ESC"" = 0 AND ""DESC_CATA_ESCOLA_PRIV"" = 1) THEN 6 END","~CASE WHEN (""TP_DEPENDENCIA"" = 1) THEN 1 WHEN (""TP_DEPENDENCIA"" = 2) THEN 2 WHEN (""TP_DEPENDENCIA"" = 3) THEN 3 WHEN (""TP_DEPENDENCIA"" = 4 AND ""IN_CONVENIADA_PP"" = 1) THEN 4 WHEN (""TP_DEPENDENCIA"" = 4 AND ""IN_CONVENIADA_PP"" = 0 AND (""TP_CATEGORIA_ESCOLA_PRIVADA"" = 2 OR ""TP_CATEGORIA_ESCOLA_PRIVADA"" = 3 OR ""TP_CATEGORIA_ESCOLA_PRIVADA"" = 4)) THEN 5 WHEN (""TP_DEPENDENCIA"" = 4 AND ""IN_CONVENIADA_PP"" = 0 AND ""TP_CATEGORIA_ESCOLA_PRIVADA"" = 1) THEN 6 END","~CASE WHEN (""TP_DEPENDENCIA"" = 1) THEN 1 WHEN (""TP_DEPENDENCIA"" = 2) THEN 2 WHEN (""TP_DEPENDENCIA"" = 3) THEN 3 WHEN (""TP_DEPENDENCIA"" = 4 AND ""IN_CONVENIADA_PP"" = 1) THEN 4 WHEN (""TP_DEPENDENCIA"" = 4 AND ""IN_CONVENIADA_PP"" = 0 AND (""TP_CATEGORIA_ESCOLA_PRIVADA"" = 2 OR ""TP_CATEGORIA_ESCOLA_PRIVADA"" = 3 OR ""TP_CATEGORIA_ESCOLA_PRIVADA"" = 4)) THEN 5 WHEN (""TP_DEPENDENCIA"" = 4 AND ""IN_CONVENIADA_PP"" = 0 AND ""TP_CATEGORIA_ESCOLA_PRIVADA"" = 1) THEN 6 END","~CASE WHEN (""TP_DEPENDENCIA"" = 1) THEN 1 WHEN (""TP_DEPENDENCIA"" = 2) THEN 2 WHEN (""TP_DEPENDENCIA"" = 3) THEN 3 WHEN (""TP_DEPENDENCIA"" = 4 AND ""IN_CONVENIADA_PP"" = 1) THEN 4 WHEN (""TP_DEPENDENCIA"" = 4 AND ""IN_CONVENIADA_PP"" = 0 AND (""TP_CATEGORIA_ESCOLA_PRIVADA"" = 2 OR ""TP_CATEGORIA_ESCOLA_PRIVADA"" = 3 OR ""TP_CATEGORIA_ESCOLA_PRIVADA"" = 4)) THEN 5 WHEN (""TP_DEPENDENCIA"" = 4 AND ""IN_CONVENIADA_PP"" = 0 AND ""TP_CATEGORIA_ESCOLA_PRIVADA"" = 1) THEN 6 END"
CEBTU006T2,,Turno da Turma,0,turma_turno_id,TINYINT,,,,,
CEBTU009T1,,Etapas e modalidades de ensino por segmento,0,etapas_mod_ensino_segmento_id,TINYINT," ~CASE WHEN (""FK_COD_ETAPA_ENSINO""= 1) THEN 1 WHEN (""FK_COD_ETAPA_ENSINO""= 2) THEN 2 WHEN (""FK_COD_ETAPA_ENSINO""= 3) THEN 3 WHEN (""FK_COD_ETAPA_ENSINO""= 4 OR  ""FK_COD_ETAPA_ENSINO""= 5 OR  ""FK_COD_ETAPA_ENSINO""= 6 OR  ""FK_COD_ETAPA_ENSINO""= 7 OR  ""FK_COD_ETAPA_ENSINO""= 14 OR  ""FK_COD_ETAPA_ENSINO""= 15 OR  ""FK_COD_ETAPA_ENSINO""= 16 OR  ""FK_COD_ETAPA_ENSINO""= 17 OR  ""FK_COD_ETAPA_ENSINO""= 18) THEN 4 WHEN (""FK_COD_ETAPA_ENSINO""= 8 OR  ""FK_COD_ETAPA_ENSINO""= 9 OR  ""FK_COD_ETAPA_ENSINO""= 10 OR  ""FK_COD_ETAPA_ENSINO""= 11 OR  ""FK_COD_ETAPA_ENSINO""= 19 OR  ""FK_COD_ETAPA_ENSINO""= 20 OR  ""FK_COD_ETAPA_ENSINO""= 21 OR  ""FK_COD_ETAPA_ENSINO""= 41) THEN 5 WHEN (""FK_COD_ETAPA_ENSINO""= 25 OR  ""FK_COD_ETAPA_ENSINO""= 26 OR  ""FK_COD_ETAPA_ENSINO""= 27 OR  ""FK_COD_ETAPA_ENSINO""= 28 OR  ""FK_COD_ETAPA_ENSINO""= 29 OR ""FK_COD_ETAPA_ENSINO""= 30 OR  ""FK_COD_ETAPA_ENSINO""= 31 OR  ""FK_COD_ETAPA_ENSINO""= 32 OR ""FK_COD_ETAPA_ENSINO""= 33 OR  ""FK_COD_ETAPA_ENSINO""= 34 OR  ""FK_COD_ETAPA_ENSINO""= 35 OR  ""FK_COD_ETAPA_ENSINO""= 36 OR  ""FK_COD_ETAPA_ENSINO""= 37 OR ""FK_COD_ETAPA_ENSINO""= 38) THEN 6 WHEN (""FK_COD_ETAPA_ENSINO""= 12 OR  ""FK_COD_ETAPA_ENSINO""= 13 OR  ""FK_COD_ETAPA_ENSINO""= 22 OR  ""FK_COD_ETAPA_ENSINO""= 23 OR  ""FK_COD_ETAPA_ENSINO""= 24 OR ""FK_COD_ETAPA_ENSINO""= 56)  THEN 7 WHEN (""FK_COD_ETAPA_ENSINO""= 43 OR  ""FK_COD_ETAPA_ENSINO""= 44 OR  ""FK_COD_ETAPA_ENSINO""= 46 OR  ""FK_COD_ETAPA_ENSINO""= 47 OR  ""FK_COD_ETAPA_ENSINO""= 49 OR  ""FK_COD_ETAPA_ENSINO""= 50 OR  ""FK_COD_ETAPA_ENSINO""= 51 OR ""FK_COD_ETAPA_ENSINO""= 53 OR ""FK_COD_ETAPA_ENSINO""= 54 OR ""FK_COD_ETAPA_ENSINO""= 58 OR  ""FK_COD_ETAPA_ENSINO""= 59 OR  ""FK_COD_ETAPA_ENSINO""= 60 OR  ""FK_COD_ETAPA_ENSINO""= 61 OR  ""FK_COD_ETAPA_ENSINO""= 65 OR  ""FK_COD_ETAPA_ENSINO""= 69 OR  ""FK_COD_ETAPA_ENSINO""= 70 OR  ""FK_COD_ETAPA_ENSINO""= 72 OR  ""FK_COD_ETAPA_ENSINO""= 73) THEN 8 WHEN (""FK_COD_ETAPA_ENSINO""= 45 OR ""FK_COD_ETAPA_ENSINO""= 48 OR ""FK_COD_ETAPA_ENSINO""= 52 OR ""FK_COD_ETAPA_ENSINO""= 55 OR ""FK_COD_ETAPA_ENSINO""= 57 OR ""FK_COD_ETAPA_ENSINO""= 62 OR ""FK_COD_ETAPA_ENSINO""= 63 OR   ""FK_COD_ETAPA_ENSINO""= 67 OR ""FK_COD_ETAPA_ENSINO""= 71 OR  ""FK_COD_ETAPA_ENSINO""= 74) THEN 9 WHEN (""FK_COD_ETAPA_ENSINO""= 39 OR ""FK_COD_ETAPA_ENSINO""= 40 OR ""FK_COD_ETAPA_ENSINO""= 64 OR ""FK_COD_ETAPA_ENSINO""= 68) THEN 10 END
"," ~CASE WHEN (""FK_COD_ETAPA_ENSINO""= 1) THEN 1 WHEN (""FK_COD_ETAPA_ENSINO""= 2) THEN 2 WHEN (""FK_COD_ETAPA_ENSINO""= 3) THEN 3 WHEN (""FK_COD_ETAPA_ENSINO""= 4 OR  ""FK_COD_ETAPA_ENSINO""= 5 OR  ""FK_COD_ETAPA_ENSINO""= 6 OR  ""FK_COD_ETAPA_ENSINO""= 7 OR  ""FK_COD_ETAPA_ENSINO""= 14 OR  ""FK_COD_ETAPA_ENSINO""= 15 OR  ""FK_COD_ETAPA_ENSINO""= 16 OR  ""FK_COD_ETAPA_ENSINO""= 17 OR  ""FK_COD_ETAPA_ENSINO""= 18) THEN 4 WHEN (""FK_COD_ETAPA_ENSINO""= 8 OR  ""FK_COD_ETAPA_ENSINO""= 9 OR  ""FK_COD_ETAPA_ENSINO""= 10 OR  ""FK_COD_ETAPA_ENSINO""= 11 OR  ""FK_COD_ETAPA_ENSINO""= 19 OR  ""FK_COD_ETAPA_ENSINO""= 20 OR  ""FK_COD_ETAPA_ENSINO""= 21 OR  ""FK_COD_ETAPA_ENSINO""= 41) THEN 5 WHEN (""FK_COD_ETAPA_ENSINO""= 25 OR  ""FK_COD_ETAPA_ENSINO""= 26 OR  ""FK_COD_ETAPA_ENSINO""= 27 OR  ""FK_COD_ETAPA_ENSINO""= 28 OR  ""FK_COD_ETAPA_ENSINO""= 29 OR ""FK_COD_ETAPA_ENSINO""= 30 OR  ""FK_COD_ETAPA_ENSINO""= 31 OR  ""FK_COD_ETAPA_ENSINO""= 32 OR ""FK_COD_ETAPA_ENSINO""= 33 OR  ""FK_COD_ETAPA_ENSINO""= 34 OR  ""FK_COD_ETAPA_ENSINO""= 35 OR  ""FK_COD_ETAPA_ENSINO""= 36 OR  ""FK_COD_ETAPA_ENSINO""= 37 OR ""FK_COD_ETAPA_ENSINO""= 38) THEN 6 WHEN (""FK_COD_ETAPA_ENSINO""= 12 OR  ""FK_COD_ETAPA_ENSINO""= 13 OR  ""FK_COD_ETAPA_ENSINO""= 22 OR  ""FK_COD_ETAPA_ENSINO""= 23 OR  ""FK_COD_ETAPA_ENSINO""= 24 OR ""FK_COD_ETAPA_ENSINO""= 56)  THEN 7 WHEN (""FK_COD_ETAPA_ENSINO""= 43 OR  ""FK_COD_ETAPA_ENSINO""= 44 OR  ""FK_COD_ETAPA_ENSINO""= 46 OR  ""FK_COD_ETAPA_ENSINO""= 47 OR  ""FK_COD_ETAPA_ENSINO""= 49 OR  ""FK_COD_ETAPA_ENSINO""= 50 OR  ""FK_COD_ETAPA_ENSINO""= 51 OR ""FK_COD_ETAPA_ENSINO""= 53 OR ""FK_COD_ETAPA_ENSINO""= 54 OR ""FK_COD_ETAPA_ENSINO""= 58 OR  ""FK_COD_ETAPA_ENSINO""= 59 OR  ""FK_COD_ETAPA_ENSINO""= 60 OR  ""FK_COD_ETAPA_ENSINO""= 61 OR  ""FK_COD_ETAPA_ENSINO""= 65 OR  ""FK_COD_ETAPA_ENSINO""= 69 OR  ""FK_COD_ETAPA_ENSINO""= 70 OR  ""FK_COD_ETAPA_ENSINO""= 72 OR  ""FK_COD_ETAPA_ENSINO""= 73) THEN 8 WHEN (""FK_COD_ETAPA_ENSINO""= 45 OR ""FK_COD_ETAPA_ENSINO""= 48 OR ""FK_COD_ETAPA_ENSINO""= 52 OR ""FK_COD_ETAPA_ENSINO""= 55 OR ""FK_COD_ETAPA_ENSINO""= 57 OR ""FK_COD_ETAPA_ENSINO""= 62 OR ""FK_COD_ETAPA_ENSINO""= 63 OR   ""FK_COD_ETAPA_ENSINO""= 67 OR ""FK_COD_ETAPA_ENSINO""= 71 OR  ""FK_COD_ETAPA_ENSINO""= 74) THEN 9 WHEN (""FK_COD_ETAPA_ENSINO""= 39 OR ""FK_COD_ETAPA_ENSINO""= 40 OR ""FK_COD_ETAPA_ENSINO""= 64 OR ""FK_COD_ETAPA_ENSINO""= 68) THEN 10 END "," ~CASE WHEN (""TP_ETAPA_ENSINO""= 1) THEN 1 WHEN (""TP_ETAPA_ENSINO""= 2) THEN 2 WHEN (""TP_ETAPA_ENSINO""= 3) THEN 3 WHEN (""TP_ETAPA_ENSINO""= 4 OR  ""TP_ETAPA_ENSINO""= 5 OR  ""TP_ETAPA_ENSINO""= 6 OR  ""TP_ETAPA_ENSINO""= 7 OR  ""TP_ETAPA_ENSINO""= 14 OR  ""TP_ETAPA_ENSINO""= 15 OR  ""TP_ETAPA_ENSINO""= 16 OR  ""TP_ETAPA_ENSINO""= 17 OR  ""TP_ETAPA_ENSINO""= 18) THEN 4 WHEN (""TP_ETAPA_ENSINO""= 8 OR  ""TP_ETAPA_ENSINO""= 9 OR  ""TP_ETAPA_ENSINO""= 10 OR  ""TP_ETAPA_ENSINO""= 11 OR  ""TP_ETAPA_ENSINO""= 19 OR  ""TP_ETAPA_ENSINO""= 20 OR  ""TP_ETAPA_ENSINO""= 21 OR  ""TP_ETAPA_ENSINO""= 41) THEN 5 WHEN (""TP_ETAPA_ENSINO""= 25 OR  ""TP_ETAPA_ENSINO""= 26 OR  ""TP_ETAPA_ENSINO""= 27 OR  ""TP_ETAPA_ENSINO""= 28 OR  ""TP_ETAPA_ENSINO""= 29 OR ""TP_ETAPA_ENSINO""= 30 OR  ""TP_ETAPA_ENSINO""= 31 OR  ""TP_ETAPA_ENSINO""= 32 OR ""TP_ETAPA_ENSINO""= 33 OR  ""TP_ETAPA_ENSINO""= 34 OR  ""TP_ETAPA_ENSINO""= 35 OR  ""TP_ETAPA_ENSINO""= 36 OR  ""TP_ETAPA_ENSINO""= 37 OR ""TP_ETAPA_ENSINO""= 38) THEN 6 WHEN (""TP_ETAPA_ENSINO""= 12 OR  ""TP_ETAPA_ENSINO""= 13 OR  ""TP_ETAPA_ENSINO""= 22 OR  ""TP_ETAPA_ENSINO""= 23 OR  ""TP_ETAPA_ENSINO""= 24 OR ""TP_ETAPA_ENSINO""= 56)  THEN 7 WHEN (""TP_ETAPA_ENSINO""= 43 OR  ""TP_ETAPA_ENSINO""= 44 OR  ""TP_ETAPA_ENSINO""= 46 OR  ""TP_ETAPA_ENSINO""= 47 OR  ""TP_ETAPA_ENSINO""= 49 OR  ""TP_ETAPA_ENSINO""= 50 OR  ""TP_ETAPA_ENSINO""= 51 OR ""TP_ETAPA_ENSINO""= 53 OR ""TP_ETAPA_ENSINO""= 54 OR ""TP_ETAPA_ENSINO""= 58 OR  ""TP_ETAPA_ENSINO""= 59 OR  ""TP_ETAPA_ENSINO""= 60 OR  ""TP_ETAPA_ENSINO""= 61 OR  ""TP_ETAPA_ENSINO""= 65 OR  ""TP_ETAPA_ENSINO""= 69 OR  ""TP_ETAPA_ENSINO""= 70 OR  ""TP_ETAPA_ENSINO""= 72 OR  ""TP_ETAPA_ENSINO""= 73) THEN 8 WHEN (""TP_ETAPA_ENSINO""= 45 OR ""TP_ETAPA_ENSINO""= 48 OR ""TP_ETAPA_ENSINO""= 52 OR ""TP_ETAPA_ENSINO""= 55 OR ""TP_ETAPA_ENSINO""= 57 OR ""TP_ETAPA_ENSINO""= 62 OR ""TP_ETAPA_ENSINO""= 63 OR   ""TP_ETAPA_ENSINO""= 67 OR ""TP_ETAPA_ENSINO""= 71 OR  ""TP_ETAPA_ENSINO""= 74) THEN 9 WHEN (""TP_ETAPA_ENSINO""= 39 OR ""TP_ETAPA_ENSINO""= 40 OR ""TP_ETAPA_ENSINO""= 64 OR ""TP_ETAPA_ENSINO""= 68) THEN 10 END "," ~CASE WHEN (""TP_ETAPA_ENSINO""= 1) THEN 1 WHEN (""TP_ETAPA_ENSINO""= 2) THEN 2 WHEN (""TP_ETAPA_ENSINO""= 3) THEN 3 WHEN (""TP_ETAPA_ENSINO""= 4 OR  ""TP_ETAPA_ENSINO""= 5 OR  ""TP_ETAPA_ENSINO""= 6 OR  ""TP_ETAPA_ENSINO""= 7 OR  ""TP_ETAPA_ENSINO""= 14 OR  ""TP_ETAPA_ENSINO""= 15 OR  ""TP_ETAPA_ENSINO""= 16 OR  ""TP_ETAPA_ENSINO""= 17 OR  ""TP_ETAPA_ENSINO""= 18) THEN 4 WHEN (""TP_ETAPA_ENSINO""= 8 OR  ""TP_ETAPA_ENSINO""= 9 OR  ""TP_ETAPA_ENSINO""= 10 OR  ""TP_ETAPA_ENSINO""= 11 OR  ""TP_ETAPA_ENSINO""= 19 OR  ""TP_ETAPA_ENSINO""= 20 OR  ""TP_ETAPA_ENSINO""= 21 OR  ""TP_ETAPA_ENSINO""= 41) THEN 5 WHEN (""TP_ETAPA_ENSINO""= 25 OR  ""TP_ETAPA_ENSINO""= 26 OR  ""TP_ETAPA_ENSINO""= 27 OR  ""TP_ETAPA_ENSINO""= 28 OR  ""TP_ETAPA_ENSINO""= 29 OR ""TP_ETAPA_ENSINO""= 30 OR  ""TP_ETAPA_ENSINO""= 31 OR  ""TP_ETAPA_ENSINO""= 32 OR ""TP_ETAPA_ENSINO""= 33 OR  ""TP_ETAPA_ENSINO""= 34 OR  ""TP_ETAPA_ENSINO""= 35 OR  ""TP_ETAPA_ENSINO""= 36 OR  ""TP_ETAPA_ENSINO""= 37 OR ""TP_ETAPA_ENSINO""= 38) THEN 6 WHEN (""TP_ETAPA_ENSINO""= 12 OR  ""TP_ETAPA_ENSINO""= 13 OR  ""TP_ETAPA_ENSINO""= 22 OR  ""TP_ETAPA_ENSINO""= 23 OR  ""TP_ETAPA_ENSINO""= 24 OR ""TP_ETAPA_ENSINO""= 56)  THEN 7 WHEN (""TP_ETAPA_ENSINO""= 43 OR  ""TP_ETAPA_ENSINO""= 44 OR  ""TP_ETAPA_ENSINO""= 46 OR  ""TP_ETAPA_ENSINO""= 47 OR  ""TP_ETAPA_ENSINO""= 49 OR  ""TP_ETAPA_ENSINO""= 50 OR  ""TP_ETAPA_ENSINO""= 51 OR ""TP_ETAPA_ENSINO""= 53 OR ""TP_ETAPA_ENSINO""= 54 OR ""TP_ETAPA_ENSINO""= 58 OR  ""TP_ETAPA_ENSINO""= 59 OR  ""TP_ETAPA_ENSINO""= 60 OR  ""TP_ETAPA_ENSINO""= 61 OR  ""TP_ETAPA_ENSINO""= 65 OR  ""TP_ETAPA_ENSINO""= 69 OR  ""TP_ETAPA_ENSINO""= 70 OR  ""TP_ETAPA_ENSINO""= 72 OR  ""TP_ETAPA_ENSINO""= 73) THEN 8 WHEN (""TP_ETAPA_ENSINO""= 45 OR ""TP_ETAPA_ENSINO""= 48 OR ""TP_ETAPA_ENSINO""= 52 OR ""TP_ETAPA_ENSINO""= 55 OR ""TP_ETAPA_ENSINO""= 57 OR ""TP_ETAPA_ENSINO""= 62 OR ""TP_ETAPA_ENSINO""= 63 OR   ""TP_ETAPA_ENSINO""= 67 OR ""TP_ETAPA_ENSINO""= 71 OR  ""TP_ETAPA_ENSINO""= 74) THEN 9 WHEN (""TP_ETAPA_ENSINO""= 39 OR ""TP_ETAPA_ENSINO""= 40 OR ""TP_ETAPA_ENSINO""= 64 OR ""TP_ETAPA_ENSINO""= 68) THEN 10 END "," ~CASE WHEN (""TP_ETAPA_ENSINO""= 1) THEN 1 WHEN (""TP_ETAPA_ENSINO""= 2) THEN 2 WHEN (""TP_ETAPA_ENSINO""= 3) THEN 3 WHEN (""TP_ETAPA_ENSINO""= 4 OR  ""TP_ETAPA_ENSINO""= 5 OR  ""TP_ETAPA_ENSINO""= 6 OR  ""TP_ETAPA_ENSINO""= 7 OR  ""TP_ETAPA_ENSINO""= 14 OR  ""TP_ETAPA_ENSINO""= 15 OR  ""TP_ETAPA_ENSINO""= 16 OR  ""TP_ETAPA_ENSINO""= 17 OR  ""TP_ETAPA_ENSINO""= 18) THEN 4 WHEN (""TP_ETAPA_ENSINO""= 8 OR  ""TP_ETAPA_ENSINO""= 9 OR  ""TP_ETAPA_ENSINO""= 10 OR  ""TP_ETAPA_ENSINO""= 11 OR  ""TP_ETAPA_ENSINO""= 19 OR  ""TP_ETAPA_ENSINO""= 20 OR  ""TP_ETAPA_ENSINO""= 21 OR  ""TP_ETAPA_ENSINO""= 41) THEN 5 WHEN (""TP_ETAPA_ENSINO""= 25 OR  ""TP_ETAPA_ENSINO""= 26 OR  ""TP_ETAPA_ENSINO""= 27 OR  ""TP_ETAPA_ENSINO""= 28 OR  ""TP_ETAPA_ENSINO""= 29 OR ""TP_ETAPA_ENSINO""= 30 OR  ""TP_ETAPA_ENSINO""= 31 OR  ""TP_ETAPA_ENSINO""= 32 OR ""TP_ETAPA_ENSINO""= 33 OR  ""TP_ETAPA_ENSINO""= 34 OR  ""TP_ETAPA_ENSINO""= 35 OR  ""TP_ETAPA_ENSINO""= 36 OR  ""TP_ETAPA_ENSINO""= 37 OR ""TP_ETAPA_ENSINO""= 38) THEN 6 WHEN (""TP_ETAPA_ENSINO""= 12 OR  ""TP_ETAPA_ENSINO""= 13 OR  ""TP_ETAPA_ENSINO""= 22 OR  ""TP_ETAPA_ENSINO""= 23 OR  ""TP_ETAPA_ENSINO""= 24 OR ""TP_ETAPA_ENSINO""= 56)  THEN 7 WHEN (""TP_ETAPA_ENSINO""= 43 OR  ""TP_ETAPA_ENSINO""= 44 OR  ""TP_ETAPA_ENSINO""= 46 OR  ""TP_ETAPA_ENSINO""= 47 OR  ""TP_ETAPA_ENSINO""= 49 OR  ""TP_ETAPA_ENSINO""= 50 OR  ""TP_ETAPA_ENSINO""= 51 OR ""TP_ETAPA_ENSINO""= 53 OR ""TP_ETAPA_ENSINO""= 54 OR ""TP_ETAPA_ENSINO""= 58 OR  ""TP_ETAPA_ENSINO""= 59 OR  ""TP_ETAPA_ENSINO""= 60 OR  ""TP_ETAPA_ENSINO""= 61 OR  ""TP_ETAPA_ENSINO""= 65 OR  ""TP_ETAPA_ENSINO""= 69 OR  ""TP_ETAPA_ENSINO""= 70 OR  ""TP_ETAPA_ENSINO""= 72 OR  ""TP_ETAPA_ENSINO""= 73) THEN 8 WHEN (""TP_ETAPA_ENSINO""= 45 OR ""TP_ETAPA_ENSINO""= 48 OR ""TP_ETAPA_ENSINO""= 52 OR ""TP_ETAPA_ENSINO""= 55 OR ""TP_ETAPA_ENSINO""= 57 OR ""TP_ETAPA_ENSINO""= 62 OR ""TP_ETAPA_ENSINO""= 63 OR   ""TP_ETAPA_ENSINO""= 67 OR ""TP_ETAPA_ENSINO""= 71 OR  ""TP_ETAPA_ENSINO""= 74) THEN 9 WHEN (""TP_ETAPA_ENSINO""= 39 OR ""TP_ETAPA_ENSINO""= 40 OR ""TP_ETAPA_ENSINO""= 64 OR ""TP_ETAPA_ENSINO""= 68) THEN 10 END "
CEBMA008T1,,Idade do aluno em 31/03,0,idade_31_03,TINYINT,~CASE WHEN (ANO_CENSO - NU_ANO - 1 =-1 OR ANO_CENSO - NU_ANO =-1) THEN 0 WHEN NU_MES > 3 THEN ANO_CENSO - NU_ANO - 1 ELSE  ANO_CENSO - NU_ANO END,~CASE WHEN (ANO_CENSO - NU_ANO - 1 =-1 OR ANO_CENSO - NU_ANO =-1) THEN 0 WHEN NU_MES > 3 THEN ANO_CENSO - NU_ANO - 1 ELSE  ANO_CENSO - NU_ANO END,~CASE WHEN (NU_ANO_CENSO - NU_ANO - 1 =-1 OR NU_ANO_CENSO - NU_ANO =-1) THEN 0 WHEN NU_MES > 3 THEN NU_ANO_CENSO - NU_ANO - 1 ELSE  NU_ANO_CENSO - NU_ANO END,~CASE WHEN (NU_ANO_CENSO - NU_ANO - 1 =-1 OR NU_ANO_CENSO - NU_ANO =-1) THEN 0 WHEN NU_MES > 3 THEN NU_ANO_CENSO - NU_ANO - 1 ELSE  NU_ANO_CENSO - NU_ANO END,~CASE WHEN (NU_ANO_CENSO - NU_ANO - 1 =-1 OR NU_ANO_CENSO - NU_ANO =-1) THEN 0 WHEN NU_MES > 3 THEN NU_ANO_CENSO - NU_ANO - 1 ELSE  NU_ANO_CENSO - NU_ANO END
CEBMA008T3,,Faixa etária do aluno em 31/03,0,faixa_etaria_31_03,TINYINT,~CASE WHEN (idade_31_03 >= 0 AND idade_31_03 <= 3) THEN 1 WHEN (idade_31_03 >= 4 AND idade_31_03 <= 5) THEN 2 WHEN (idade_31_03 >= 6 AND idade_31_03 <= 10) THEN 3 WHEN (idade_31_03 >= 11 AND idade_31_03 <= 14) THEN 4 WHEN (idade_31_03 >= 15 AND idade_31_03 <= 17) THEN 5 WHEN (idade_31_03 >= 18 AND idade_31_03 <= 24) THEN 6 WHEN (idade_31_03 >= 25 AND idade_31_03 <= 29) THEN 7 WHEN (idade_31_03 >= 30 AND idade_31_03 <= 40) THEN 8 WHEN (idade_31_03 >= 41 AND idade_31_03 <= 50) THEN 9 WHEN (idade_31_03 >= 51 AND idade_31_03 <= 64) THEN 10  WHEN (idade_31_03 > 64) THEN 11 END;,~CASE WHEN (idade_31_03 >= 0 AND idade_31_03 <= 3) THEN 1 WHEN (idade_31_03 >= 4 AND idade_31_03 <= 5) THEN 2 WHEN (idade_31_03 >= 6 AND idade_31_03 <= 10) THEN 3 WHEN (idade_31_03 >= 11 AND idade_31_03 <= 14) THEN 4 WHEN (idade_31_03 >= 15 AND idade_31_03 <= 17) THEN 5 WHEN (idade_31_03 >= 18 AND idade_31_03 <= 24) THEN 6 WHEN (idade_31_03 >= 25 AND idade_31_03 <= 29) THEN 7 WHEN (idade_31_03 >= 30 AND idade_31_03 <= 40) THEN 8 WHEN (idade_31_03 >= 41 AND idade_31_03 <= 50) THEN 9 WHEN (idade_31_03 >= 51 AND idade_31_03 <= 64) THEN 10  WHEN (idade_31_03 > 64) THEN 11 END;,~CASE WHEN (idade_31_03 >= 0 AND idade_31_03 <= 3) THEN 1 WHEN (idade_31_03 >= 4 AND idade_31_03 <= 5) THEN 2 WHEN (idade_31_03 >= 6 AND idade_31_03 <= 10) THEN 3 WHEN (idade_31_03 >= 11 AND idade_31_03 <= 14) THEN 4 WHEN (idade_31_03 >= 15 AND idade_31_03 <= 17) THEN 5 WHEN (idade_31_03 >= 18 AND idade_31_03 <= 24) THEN 6 WHEN (idade_31_03 >= 25 AND idade_31_03 <= 29) THEN 7 WHEN (idade_31_03 >= 30 AND idade_31_03 <= 40) THEN 8 WHEN (idade_31_03 >= 41 AND idade_31_03 <= 50) THEN 9 WHEN (idade_31_03 >= 51 AND idade_31_03 <= 64) THEN 10  WHEN (idade_31_03 > 64) THEN 11 END;,~CASE WHEN (idade_31_03 >= 0 AND idade_31_03 <= 3) THEN 1 WHEN (idade_31_03 >= 4 AND idade_31_03 <= 5) THEN 2 WHEN (idade_31_03 >= 6 AND idade_31_03 <= 10) THEN 3 WHEN (idade_31_03 >= 11 AND idade_31_03 <= 14) THEN 4 WHEN (idade_31_03 >= 15 AND idade_31_03 <= 17) THEN 5 WHEN (idade_31_03 >= 18 AND idade_31_03 <= 24) THEN 6 WHEN (idade_31_03 >= 25 AND idade_31_03 <= 29) THEN 7 WHEN (idade_31_03 >= 30 AND idade_31_03 <= 40) THEN 8 WHEN (idade_31_03 >= 41 AND idade_31_03 <= 50) THEN 9 WHEN (idade_31_03 >= 51 AND idade_31_03 <= 64) THEN 10  WHEN (idade_31_03 > 64) THEN 11 END;,~CASE WHEN (idade_31_03 >= 0 AND idade_31_03 <= 3) THEN 1 WHEN (idade_31_03 >= 4 AND idade_31_03 <= 5) THEN 2 WHEN (idade_31_03 >= 6 AND idade_31_03 <= 10) THEN 3 WHEN (idade_31_03 >= 11 AND idade_31_03 <= 14) THEN 4 WHEN (idade_31_03 >= 15 AND idade_31_03 <= 17) THEN 5 WHEN (idade_31_03 >= 18 AND idade_31_03 <= 24) THEN 6 WHEN (idade_31_03 >= 25 AND idade_31_03 <= 29) THEN 7 WHEN (idade_31_03 >= 30 AND idade_31_03 <= 40) THEN 8 WHEN (idade_31_03 >= 41 AND idade_31_03 <= 50) THEN 9 WHEN (idade_31_03 >= 51 AND idade_31_03 <= 64) THEN 10  WHEN (idade_31_03 > 64) THEN 11 END;
CEBTU009T3,,Etapas e modalidades por série/ano (e idade na Educação Infantil),0,serie_ano_id,INT,,,,,
CEBES198N0,SIGLA,Sigla da UF da escola,0,sigla_estado,VARCHAR(8),SIGLA_ESCOLA,,,,
CEBTU006T1,,Turma em Tempo Integral?,0,tempo_integral,BOOLEAN,"~CASE WHEN ""NU_DUR_ESCOLARIZACAO"" < 420 THEN 0 WHEN ""NU_DUR_ESCOLARIZACAO"" >= 420  THEN 1 END","~CASE WHEN ""NU_DUR_ESCOLARIZACAO"" < 420 THEN 0 WHEN ""NU_DUR_ESCOLARIZACAO"" >= 420  THEN 1 END","~CASE WHEN ""NU_DURACAO_TURMA"" < 420 THEN 0 WHEN ""NU_DURACAO_TURMA"" >= 420  THEN 1 END","~CASE WHEN ""NU_DURACAO_TURMA"" < 420 THEN 0 WHEN ""NU_DURACAO_TURMA"" >= 420  THEN 1 END","~CASE WHEN ""NU_DURACAO_TURMA"" < 420 THEN 0 WHEN ""NU_DURACAO_TURMA"" >= 420  THEN 1 END"
CEBTU009T4,,Etapas e modalidades de ensino por segmento resumido,0,etapa_resumida,TINYINT,,,,,
CEBES171T1,,Ensino fundamental anos iniciais transformada,0,fundamental_ai,BOOLEAN,"~CASE WHEN (""FK_COD_MOD_ENSINO"" <= 2) THEN (CASE WHEN ((""FK_COD_ETAPA_ENSINO"" >= 4 AND ""FK_COD_ETAPA_ENSINO"" <= 7) OR (""FK_COD_ETAPA_ENSINO"" >= 14 AND ""FK_COD_ETAPA_ENSINO"" <= 18)) THEN 1 ELSE 0 END) END","~CASE WHEN (""FK_COD_MOD_ENSINO"" <= 2) THEN (CASE WHEN ((""FK_COD_ETAPA_ENSINO"" >= 4 AND ""FK_COD_ETAPA_ENSINO"" <= 7) OR (""FK_COD_ETAPA_ENSINO"" >= 14 AND ""FK_COD_ETAPA_ENSINO"" <= 18)) THEN 1 ELSE 0 END) END",,,
CEBES172T1,,Ensino fundamental anos finais transformada,0,fundamental_af,BOOLEAN,"~CASE WHEN (""FK_COD_MOD_ENSINO"" <= 2) THEN CASE WHEN (""FK_COD_MOD_ENSINO"" >= 10 AND ""FK_COD_MOD_ENSINO"" <= 11) OR (""FK_COD_MOD_ENSINO"" >= 19 AND ""FK_COD_MOD_ENSINO"" <= 21) OR (""FK_COD_MOD_ENSINO"" = 41) THEN 1 ELSE 0 END END","~CASE WHEN (""FK_COD_MOD_ENSINO"" <= 2) THEN CASE WHEN (""FK_COD_MOD_ENSINO"" >= 8 AND ""FK_COD_MOD_ENSINO"" <= 11) OR (""FK_COD_MOD_ENSINO"" >= 19 AND ""FK_COD_MOD_ENSINO"" <= 21) OR (""FK_COD_MOD_ENSINO"" = 41) THEN 1 ELSE 0 END END",,,
